iteration,x,fx,error,text
1,1.5217391304347827,0.0021369277554041943,0.021739130434782705,
2,1.5213798059647863,5.893874259754739e-07,0.00035932446999642487,
3,1.5213797068045751,4.529709940470639e-14,9.916021115330409e-08,
