iteration,x,fx,error,text
1,1.3333333333333335,-0.9629629629629624,0.6666666666666665,
2,1.462686567164179,-0.33333887479510427,0.12935323383084563,
3,1.5311694321412044,0.058626417709449985,0.06848286497702527,
4,1.5209264205152802,-0.0026933002019970953,0.010243011625924225,
5,1.5213763166697438,-2.0150192386658716e-05,0.00044989615446366926,
6,1.5213797079848717,7.015477976324291e-09,3.391315127831973e-06,
7,1.5213797068045645,-1.8207657603852567e-14,1.180307185322249e-09,
