{
  "function": "x^3 - x - 2.0",
  "derivative_at": 1.5,
  "derivative_value": 5.75,
  "trapezoidal_integral": -1.9984000000000002,
  "simpson_integral": -2.0,
  "solvers": [
    {
      "solver_name": "bisection",
      "root": 1.5213797067990527,
      "converged": true,
      "iterations": 33,
      "final_error": 3.27797788912676e-11,
      "time_taken": 2.5999965146183968e-05,
      "message": "limit reached"
    },
    {
      "solver_name": "newton",
      "root": 1.5213797068045751,
      "converged": true,
      "iterations": 3,
      "final_error": 4.529709940470639e-14,
      "time_taken": 1.0707997716963291e-05,
      "message": "limit reached"
    },
    {
      "solver_name": "secant",
      "root": 1.5213797068045645,
      "converged": true,
      "iterations": 7,
      "final_error": 1.8207657603852567e-14,
      "time_taken": 6.999995093792677e-06,
      "message": "limit reached"
    }
  ],
  "workflow_timetaken": 0.06963816698407754
}